{
    "GZM_Ball025" : {
        "verts" : [[0.177, 0, 0.177], [0.25, 0, 0], [0.177, 0, -0.177], [0, 0, -0.25], [0.125, 0.125, -0.177], [0.177, 0.177, 0], [0.125, 0.125, 0.177], [0, 0.177, 0.177], [0, 0.25, 0], [0, 0.177, -0.177], [-0.125, 0.125, -0.177], [-0.177, 0.177, 0], [-0.125, 0.125, 0.177], [0, 0, 0.25], [-0.177, 0, 0.177], [-0.25, 0, 0], [-0.177, 0, -0.177], [-0.125, -0.125, -0.177], [-0.177, -0.177, 0], [-0.125, -0.125, 0.177], [0, -0.177, 0.177], [0, -0.25, 0], [0, -0.177, -0.177], [0.125, -0.125, -0.177], [0.177, -0.177, 0], [0.125, -0.125, 0.177]],
        "edges" : [[17, 18], [14, 19], [0, 6], [21, 22], [1, 5], [3, 17], [10, 16], [4, 5], [6, 13], [7, 8], [3, 4], [8, 9], [5, 6], [20, 25], [14, 15], [2, 4], [11, 15], [6, 7], [1, 24], [16, 17], [18, 21], [2, 23], [3, 16], [7, 13], [2, 3], [3, 9], [18, 19], [20, 21], [5, 8], [13, 25], [17, 22], [13, 19], [1, 2], [4, 9], [10, 11], [19, 20], [7, 12], [24, 25], [3, 10], [23, 24], [15, 16], [12, 14], [15, 18], [21, 24], [0, 1], [9, 10], [13, 20], [11, 12], [3, 22], [0, 13], [22, 23], [12, 13], [3, 23], [0, 25], [8, 11], [13, 14]]
    },
    "GZM_Circle025" : {
        "verts" : [[0.25, 0.5, 0], [0.231, 0.52, 0.096], [0.177, 0.5, 0.177], [0.096, 0.48, 0.231], [0, 0.5, 0.25], [-0.096, 0.52, 0.231], [-0.177, 0.5, 0.177], [-0.231, 0.48, 0.096], [-0.25, 0.5, 0], [-0.231, 0.52, -0.096], [-0.177, 0.5, -0.177], [-0.096, 0.48, -0.231], [0, 0.5, -0.25], [0.096, 0.52, -0.231], [0.177, 0.5, -0.177], [0.231, 0.48, -0.096], [0.0012574, 0.5004, 0.35092], [0.06814, 0.5004, 0.2822], [-0.065626, 0.5004, 0.2822]],
        "edges" : [[0, 1], [1, 2], [2, 3], [3, 4], [4, 5], [5, 6], [6, 7], [7, 8], [8, 9], [9, 10], [10, 11], [11, 12], [12, 13], [13, 14], [14, 15], [15, 0], [17, 18], [16, 17], [18, 16]]
    },
    "GZM_CircleChest" : {
        "verts" : [[0.9, 0.47553, -0.1109], [0.9, 0.43164, 0.62875], [0.373, 0.45881, 1.1608], [-0.373, 0.42524, 1.1557], [-0.9, 0.46521, 0.63386], [-0.9, 0.44196, -0.11602], [-0.373, 0.48192, -0.63787], [0.373, 0.44928, -0.6426], [0.396, 0.4446, 1.2588], [-0.396, 0.4446, 1.2588], [0, 0.43898, 1.652], [0, 0.43898, 1.652], [0.198, 0.44179, 1.4554], [0.396, 0.4446, 1.2588], [0, 0.4446, 1.2588], [-0.396, 0.4446, 1.2588], [-0.198, 0.44179, 1.4554], [0.691, 0.446, -0.43428], [0.977, 0.46971, 0.26176], [0.691, 0.4276, 0.94701], [0, 0.4574, 1.2381], [-0.691, 0.4276, 0.94701], [-0.977, 0.46971, 0.26176], [-0.691, 0.446, -0.43428], [0, 0.48333, -0.71511], [0, 0.43898, 1.652], [0.396, 0.4446, 1.2588], [-0.396, 0.4446, 1.2588], [0.348, 0.44418, 1.3072], [-0.297, 0.4446, 1.2588], [-0.048, 0.4394, 1.6036], [0.048, 0.4394, 1.6036], [0.297, 0.4446, 1.2588], [-0.348, 0.44418, 1.3072]],
        "edges" : [[0, 17], [0, 18], [1, 18], [1, 19], [2, 19], [2, 20], [3, 20], [3, 21], [4, 21], [4, 22], [5, 22], [5, 23], [6, 23], [6, 24], [7, 17], [7, 24], [8, 26], [8, 28], [9, 27], [9, 29], [10, 25], [10, 30], [11, 25], [11, 31], [12, 28], [12, 31], [13, 26], [13, 32], [14, 29], [14, 32], [15, 27], [15, 33], [16, 30], [16, 33]]
    },
    "GZM_CircleHips" : {
        "verts" : [[2.0732, 1.6679, -0.7226], [2.0732, 1.5272, 0.36624], [0.85913, 1.3404, 1.1314], [-0.85913, 1.3919, 1.1349], [-2.0732, 1.4772, 0.36352], [-2.0732, 1.7201, -0.71981], [-0.85913, 1.8032, -1.4912], [0.85913, 1.8553, -1.4878], [0.30451, 1.3021, 1.3556], [-0.30451, 1.3021, 1.3556], [0, 1.2673, 1.5485], [0, 1.2673, 1.5485], [0.15141, 1.285, 1.4521], [0.30451, 1.3021, 1.3556], [0, 1.3021, 1.3556], [-0.30451, 1.3021, 1.3556], [-0.15141, 1.285, 1.4521], [1.591, 1.8013, -1.1824], [2.251, 1.5725, -0.18061], [1.591, 1.4459, 0.82984], [0, 1.3213, 1.2435], [-1.591, 1.4459, 0.82984], [-2.251, 1.5725, -0.18061], [-1.591, 1.8013, -1.1824], [0, 1.8224, -1.6037], [0, 1.2673, 1.5485], [0.30451, 1.3021, 1.3556], [-0.30451, 1.3021, 1.3556], [0.26693, 1.2981, 1.3801], [-0.2288, 1.3021, 1.3556], [-0.037573, 1.272, 1.5241], [0.037573, 1.272, 1.5241], [0.2288, 1.3021, 1.3556], [-0.26693, 1.2981, 1.3801]],
        "edges" : [[0, 17], [0, 18], [1, 18], [1, 19], [2, 19], [2, 20], [3, 20], [3, 21], [4, 21], [4, 22], [5, 22], [5, 23], [6, 23], [6, 24], [7, 17], [7, 24], [8, 26], [8, 28], [9, 27], [9, 29], [10, 25], [10, 30], [11, 25], [11, 31], [12, 28], [12, 31], [13, 26], [13, 32], [14, 29], [14, 32], [15, 27], [15, 33], [16, 30], [16, 33]]
    },
    "GZM_CircleSpine" : {
        "verts" : [[3.6974, 0.099305, -0.097007], [3.6974, 0.17004, 2.968], [1.5316, 0.062526, 5.1295], [-1.5316, 0.15644, 5.1354], [-3.6974, 0.080085, 2.9648], [-3.6974, 0.19258, -0.094435], [-1.5316, 0.11291, -2.2644], [1.5316, 0.20682, -2.2585], [0.54314, 0.061202, 5.762], [-0.54314, 0.061202, 5.762], [0, 0.056465, 6.3059], [0, 0.056465, 6.3059], [0.26988, 0.058834, 6.0339], [0.54314, 0.061202, 5.762], [0, 0.061202, 5.762], [-0.54314, 0.061202, 5.762], [-0.26988, 0.058834, 6.0339], [2.8371, 0.20142, -1.3984], [4.0145, 0.089054, 1.4306], [2.8371, 0.16184, 4.2754], [0, 0.061864, 5.4458], [-2.8371, 0.16184, 4.2754], [-4.0145, 0.089054, 1.4306], [-2.8371, 0.20142, -1.3984], [0, 0.11357, -2.5806], [0, 0.056465, 6.3059], [0.54314, 0.061202, 5.762], [-0.54314, 0.061202, 5.762], [0.47567, 0.06077, 5.8308], [-0.4082, 0.061202, 5.762], [-0.067471, 0.056897, 6.2371], [0.067471, 0.056897, 6.2371], [0.4082, 0.061202, 5.762], [-0.47567, 0.06077, 5.8308]],
        "edges" : [[0, 17], [0, 18], [1, 18], [1, 19], [2, 19], [2, 20], [3, 20], [3, 21], [4, 21], [4, 22], [5, 22], [5, 23], [6, 23], [6, 24], [7, 17], [7, 24], [8, 26], [8, 28], [9, 27], [9, 29], [10, 25], [10, 30], [11, 25], [11, 31], [12, 28], [12, 31], [13, 26], [13, 32], [14, 29], [14, 32], [15, 27], [15, 33], [16, 30], [16, 33]]
    },
    "GZM_CrownHips" : {
        "verts" : [[0, 1.2, -2], [0.39, 1.2, -1.962], [0.765, 0.8, -1.848], [1.111, 0.8, -1.663], [1.414, 1.2, -1.414], [1.663, 1.2, -1.111], [1.848, 0.8, -0.765], [1.962, 0.8, -0.39], [2, 1.2, 0], [1.962, 1.2, 0.39], [1.848, 0.8, 0.765], [1.663, 0.8, 1.111], [1.414, 1.2, 1.414], [1.111, 1.2, 1.663], [0.765, 0.8, 1.848], [0.39, 0.8, 1.962], [0, 1.2, 2], [-0.39, 1.2, 1.962], [-0.765, 0.8, 1.848], [-1.111, 0.8, 1.663], [-1.414, 1.2, 1.414], [-1.663, 1.2, 1.111], [-1.848, 0.8, 0.765], [-1.962, 0.8, 0.39], [-2, 1.2, 0], [-1.962, 1.2, -0.39], [-1.848, 0.8, -0.765], [-1.663, 0.8, -1.111], [-1.414, 1.2, -1.414], [-1.111, 1.2, -1.663], [-0.765, 0.8, -1.848], [-0.39, 0.8, -1.962]],
        "edges" : [[0, 1], [1, 2], [2, 3], [3, 4], [4, 5], [5, 6], [6, 7], [7, 8], [8, 9], [9, 10], [10, 11], [11, 12], [12, 13], [13, 14], [14, 15], [15, 16], [16, 17], [17, 18], [18, 19], [19, 20], [20, 21], [21, 22], [22, 23], [23, 24], [24, 25], [25, 26], [26, 27], [27, 28], [28, 29], [29, 30], [30, 31], [0, 31]]
    },
    "GZM_Cube025" : {
        "verts" : [[-0.25, -0.25, -0.25], [-0.25, -0.25, 0.25], [-0.25, 0.25, -0.25], [-0.25, 0.25, 0.25], [0.25, -0.25, -0.25], [0.25, -0.25, 0.25], [0.25, 0.25, -0.25], [0.25, 0.25, 0.25]],
        "edges" : [[5, 7], [0, 1], [6, 7], [3, 7], [1, 3], [0, 2], [4, 5], [1, 5], [4, 6], [2, 3], [0, 4], [2, 6]]
    },
    "GZM_EndCube025" : {
        "verts" : [[-0.25, -0.25, -0.25], [-0.25, -0.25, 0.25], [-0.25, 0.25, -0.25], [-0.25, 0.25, 0.25], [0.25, -0.25, -0.25], [0.25, -0.25, 0.25], [0.25, 0.25, -0.25], [0.25, 0.25, 0.25]],
        "edges" : [[5, 7], [0, 1], [6, 7], [3, 7], [1, 3], [0, 2], [4, 5], [1, 5], [4, 6], [2, 3], [0, 4], [2, 6]]
    },
    "GZM_Foot_L" : {
        "verts" : [[0.41644, 0.29065, 0.39084], [0.26839, 0.99787, -0.01592], [-0.24232, 0.99774, 0.17146], [-0.093813, 0.29065, 0.57655], [0.15493, 0.053742, -0.32766], [0.10531, 0.86899, -0.46106], [-0.40494, 0.86899, -0.27534], [-0.356, 0.054385, -0.14088]],
        "edges" : [[1, 2], [0, 1], [5, 6], [6, 7], [3, 7], [4, 5], [1, 5], [0, 3], [2, 6], [2, 3], [0, 4], [4, 7]]
    },